[
  {
    "input": "minecraft:stone:1",
    "output": [
      "minecraft:cobblestone:1"
    ]
  },
  {
    "input": "minecraft:glass:1",
    "output": [
      "minecraft:sand:1"
    ]
  },
  {
    "input": "minecraft:smooth_quartz:1",
    "output": [
      "minecraft:quartz_block:1"
    ]
  },
  {
    "input": "minecraft:smooth_red_sandstone:1",
    "output": [
      "minecraft:red_sandstone:1"
    ]
  },
  {
    "input": "minecraft:smooth_sandstone:1",
    "output": [
      "minecraft:sandstone:1"
    ]
  },
  {
    "input": "minecraft:smooth_stone:1",
    "output": [
      "minecraft:stone:1"
    ]
  },
  {
    "input": "minecraft:cracked_stone_bricks:1",
    "output": [
      "minecraft:stone_bricks:1"
    ]
  },
  {
    "input": "minecraft:cracked_nether_bricks:1",
    "output": [
      "minecraft:nether_bricks:1"
    ]
  },
  {
    "input": "minecraft:chipped_anvil:1",
    "output": [
      "minecraft:iron_block:2",
      "minecraft:iron_ingot:4"
    ]
  },
  {
    "input": "minecraft:damaged_anvil:1",
    "output": [
      "minecraft:iron_block:1",
      "minecraft:iron_ingot:4"
    ]
  },
  {
    "input": "minecraft:terracotta:1",
    "output": [
      "minecraft:clay:1"
    ]
  },
  {
    "input": "minecraft:white_glazed_terracotta:1",
    "output": [
      "minecraft:terracotta:1"
    ]
  },
  {
    "input": "minecraft:orange_glazed_terracotta:1",
    "output": [
      "minecraft:terracotta:1"
    ]
  },
  {
    "input": "minecraft:magenta_glazed_terracotta:1",
    "output": [
      "minecraft:terracotta:1"
    ]
  },
  {
    "input": "minecraft:light_blue_glazed_terracotta:1",
    "output": [
      "minecraft:terracotta:1"
    ]
  },
  {
    "input": "minecraft:yellow_glazed_terracotta:1",
    "output": [
      "minecraft:terracotta:1"
    ]
  },
  {
    "input": "minecraft:lime_glazed_terracotta:1",
    "output": [
      "minecraft:terracotta:1"
    ]
  },
  {
    "input": "minecraft:pink_glazed_terracotta:1",
    "output": [
      "minecraft:terracotta:1"
    ]
  },
  {
    "input": "minecraft:gray_glazed_terracotta:1",
    "output": [
      "minecraft:terracotta:1"
    ]
  },
  {
    "input": "minecraft:light_gray_glazed_terracotta:1",
    "output": [
      "minecraft:terracotta:1"
    ]
  },
  {
    "input": "minecraft:cyan_glazed_terracotta:1",
    "output": [
      "minecraft:terracotta:1"
    ]
  },
  {
    "input": "minecraft:purple_glazed_terracotta:1",
    "output": [
      "minecraft:terracotta:1"
    ]
  },
  {
    "input": "minecraft:blue_glazed_terracotta:1",
    "output": [
      "minecraft:terracotta:1"
    ]
  },
  {
    "input": "minecraft:brown_glazed_terracotta:1",
    "output": [
      "minecraft:terracotta:1"
    ]
  },
  {
    "input": "minecraft:green_glazed_terracotta:1",
    "output": [
      "minecraft:terracotta:1"
    ]
  },
  {
    "input": "minecraft:red_glazed_terracotta:1",
    "output": [
      "minecraft:terracotta:1"
    ]
  },
  {
    "input": "minecraft:black_glazed_terracotta:1",
    "output": [
      "minecraft:terracotta:1"
    ]
  },
  {
    "input": "minecraft:netherite_sword:1",
    "output": [
      "minecraft:diamond_sword:1",
      "minecraft:netherite_ingot:1"
    ]
  },
  {
    "input": "minecraft:netherite_shovel:1",
    "output": [
      "minecraft:diamond_shovel:1",
      "minecraft:netherite_ingot:1"
    ]
  },
  {
    "input": "minecraft:netherite_pickaxe:1",
    "output": [
      "minecraft:diamond_pickaxe:1",
      "minecraft:netherite_ingot:1"
    ]
  },
  {
    "input": "minecraft:netherite_axe:1",
    "output": [
      "minecraft:diamond_axe:1",
      "minecraft:netherite_ingot:1"
    ]
  },
  {
    "input": "minecraft:netherite_hoe:1",
    "output": [
      "minecraft:diamond_hoe:1",
      "minecraft:netherite_ingot:1"
    ]
  },
  {
    "input": "minecraft:chainmail_helmet:1",
    "output": [
      "minecraft:chain:4"
    ]
  },
  {
    "input": "minecraft:chainmail_chestplate:1",
    "output": [
      "minecraft:chain:8"
    ]
  },
  {
    "input": "minecraft:chainmail_leggings:1",
    "output": [
      "minecraft:chain:7"
    ]
  },
  {
    "input": "minecraft:chainmail_boots:1",
    "output": [
      "minecraft:chain:4"
    ]
  },
  {
    "input": "minecraft:netherite_helmet:1",
    "output": [
      "minecraft:diamond_helmet:1",
      "minecraft:netherite_ingot:1"
    ]
  },
  {
    "input": "minecraft:netherite_chestplate:1",
    "output": [
      "minecraft:diamond_chestplate:1",
      "minecraft:netherite_ingot:1"
    ]
  },
  {
    "input": "minecraft:netherite_chestplate:1",
    "output": [
      "minecraft:diamond_leggings:1",
      "minecraft:netherite_ingot:1"
    ]
  },
  {
    "input": "minecraft:netherite_boots:1",
    "output": [
      "minecraft:diamond_boots:1",
      "minecraft:netherite_ingot:1"
    ]
  },
  {
    "input": "minecraft:saddle:1",
    "output": [
      "minecraft:leather:5",
      "minecraft:iron_ingot:3"
    ]
  },
  {
    "input": "minecraft:written_book:1",
    "output": [
      "minecraft:writable_book:1"
    ]
  },
  {
    "input": "minecraft:iron_horse_armor:1",
    "output": [
      "minecraft:iron_ingot:7"
    ]
  },
  {
    "input": "minecraft:golden_horse_armor:1",
    "output": [
      "minecraft:gold_ingot:7"
    ]
  },
  {
    "input": "minecraft:diamond_horse_armor:1",
    "output": [
      "minecraft:diamond:7"
    ]
  },
  {
    "input": "minecraft:totem_of_undying:1",
    "output": [
      "minecraft:golden_apple:1",
      "minecraft:gold_nugget:5",
      "minecraft:emerald:2"
    ]
  },
  {
    "input": "minecraft:cracked_polished_blackstone_bricks:1",
    "output": [
      "minecraft:polished_blackstone_bricks:1"
    ]
  },
  {
    "input": "corail_recycler_ne:dust_0:9",
    "output": [
      "minecraft:oak_planks:1"
    ]
  },
  {
    "input": "corail_recycler_ne:dust_0:9",
    "output": [
      "minecraft:spruce_planks:1"
    ]
  },
  {
    "input": "corail_recycler_ne:dust_0:9",
    "output": [
      "minecraft:birch_planks:1"
    ]
  },
  {
    "input": "corail_recycler_ne:dust_0:9",
    "output": [
      "minecraft:jungle_planks:1"
    ]
  },
  {
    "input": "corail_recycler_ne:dust_0:9",
    "output": [
      "minecraft:acacia_planks:1"
    ]
  },
  {
    "input": "corail_recycler_ne:dust_0:9",
    "output": [
      "minecraft:dark_oak_planks:1"
    ]
  },
  {
    "input": "corail_recycler_ne:dust_0:9",
    "output": [
      "minecraft:crimson_planks:1"
    ]
  },
  {
    "input": "corail_recycler_ne:dust_0:9",
    "output": [
      "minecraft:warped_planks:1"
    ]
  },
  {
    "input": "corail_recycler_ne:dust_0:9",
    "output": [
      "biomesoplenty:fir_planks:1"
    ]
  },
  {
    "input": "corail_recycler_ne:dust_0:9",
    "output": [
      "biomesoplenty:redwood_planks:1"
    ]
  },
  {
    "input": "corail_recycler_ne:dust_0:9",
    "output": [
      "biomesoplenty:cherry_planks:1"
    ]
  },
  {
    "input": "corail_recycler_ne:dust_0:9",
    "output": [
      "biomesoplenty:mahogany_planks:1"
    ]
  },
  {
    "input": "corail_recycler_ne:dust_0:9",
    "output": [
      "biomesoplenty:jacaranda_planks:1"
    ]
  },
  {
    "input": "corail_recycler_ne:dust_0:9",
    "output": [
      "biomesoplenty:palm_planks:1"
    ]
  },
  {
    "input": "corail_recycler_ne:dust_0:9",
    "output": [
      "biomesoplenty:willow_planks:1"
    ]
  },
  {
    "input": "corail_recycler_ne:dust_0:9",
    "output": [
      "biomesoplenty:dead_planks:1"
    ]
  },
  {
    "input": "corail_recycler_ne:dust_0:9",
    "output": [
      "biomesoplenty:magic_planks:1"
    ]
  },
  {
    "input": "corail_recycler_ne:dust_0:9",
    "output": [
      "biomesoplenty:umbran_planks:1"
    ]
  },
  {
    "input": "corail_recycler_ne:dust_0:9",
    "output": [
      "biomesoplenty:hellbark_planks:1"
    ]
  },
  {
    "input": "corail_recycler_ne:dust_0:9",
    "output": [
      "silentgear:netherwood_planks:1"
    ]
  },
  {
    "input": "corail_recycler_ne:dust_0:9",
    "output": [
      "naturesaura:ancient_planks:1"
    ]
  },
  {
    "input": "corail_recycler_ne:dust_0:9",
    "output": [
      "mysticalworld:charred_planks:1"
    ]
  },
  {
    "input": "corail_recycler_ne:dust_0:9",
    "output": [
      "structurize:blockcactusplank:1"
    ]
  },
  {
    "input": "corail_recycler_ne:dust_0:9",
    "output": [
      "quark:vertical_oak_planks:1"
    ]
  },
  {
    "input": "corail_recycler_ne:dust_0:9",
    "output": [
      "quark:vertical_spruce_planks:1"
    ]
  },
  {
    "input": "corail_recycler_ne:dust_0:9",
    "output": [
      "quark:vertical_birch_planks:1"
    ]
  },
  {
    "input": "corail_recycler_ne:dust_0:9",
    "output": [
      "quark:vertical_jungle_planks:1"
    ]
  },
  {
    "input": "corail_recycler_ne:dust_0:9",
    "output": [
      "quark:vertical_acacia_planks:1"
    ]
  },
  {
    "input": "corail_recycler_ne:dust_0:9",
    "output": [
      "quark:vertical_dark_oak_planks:1"
    ]
  },
  {
    "input": "corail_recycler_ne:dust_0:9",
    "output": [
      "quark:vertical_warped_planks:1"
    ]
  },
  {
    "input": "corail_recycler_ne:dust_0:9",
    "output": [
      "quark:vertical_crimson_planks:1"
    ]
  },
  {
    "input": "corail_recycler_ne:dust_1:9",
    "output": [
      "minecraft:cobblestone:1"
    ]
  },
  {
    "input": "corail_recycler_ne:dust_1:9",
    "output": [
      "minecraft:blackstone:1"
    ]
  },
  {
    "input": "corail_recycler_ne:dust_2:9",
    "output": [
      "minecraft:iron_ingot:1"
    ]
  },
  {
    "input": "corail_recycler_ne:dust_3:9",
    "output": [
      "minecraft:diamond:1"
    ]
  },
  {
    "input": "corail_recycler_ne:dust_4:9",
    "output": [
      "minecraft:gold_ingot:1"
    ]
  },
  {
    "input": "corail_recycler_ne:dust_5:9",
    "output": [
      "minecraft:netherite_ingot:1"
    ]
  }
]